raw_string, loop_depth, number_BB, number_exits, number_exit_blocks, num_successors, isexit, isbackedge, isdestinationinloop, isdestinationnestedloop, opcode_condition, prev_instr_1, prev_instr_2, operand_1.constant, operand_1.isfunctionarg, operand_1.isglobalvar, operand_1.isgeneralvar, operand_1.other, operand_2.constant, operand_2.isfunctionarg, operand_2.isglobalvar, operand_2.isgeneralvar, operand_2.other, operand_3.constant, operand_3.isfunctionarg, operand_3.isglobalvar, operand_3.isgeneralvar, operand_3.other, operand_4.constant, operand_4.isfunctionarg, operand_4.isglobalvar, operand_4.isgeneralvar, operand_4.other, branch_prob
"  br i1 %7, label %8, label %12, !prof !36",-1, -1, -1, -1, -1, 0, 0, 0, 0, 53, 32, 0, 0, 0, 0, 1, 0, 0, 0, 0, 0, 0, 0, 0, 0, 0, 0, 0, 0, 0, 0, 0, 1.000000e+00
"  br i1 %9, label %10, label %11, !prof !36",-1, -1, -1, -1, -1, 0, 0, 0, 0, 53, 32, 56, 0, 0, 0, 1, 0, 0, 0, 0, 1, 0, 0, 0, 0, 0, 1, 0, 0, 0, 0, 0, 0.000000e+00
"  br i1 %10, label %11, label %16, !prof !36",-1, -1, -1, -1, -1, 0, 0, 0, 0, 53, 32, 56, 0, 0, 0, 1, 0, 0, 0, 0, 1, 0, 0, 0, 0, 0, 1, 0, 0, 0, 0, 0, 0.000000e+00
"  br i1 %13, label %14, label %15",-1, -1, -1, -1, -1, 0, 0, 0, 0, 53, 32, 0, 0, 0, 0, 1, 0, 0, 0, 0, 0, 0, 0, 0, 0, 0, 0, 0, 0, 0, 0, 0, 5.000000e-01
"  br i1 %10, label %11, label %13, !prof !36",-1, -1, -1, -1, -1, 0, 0, 0, 0, 53, 32, 32, 0, 0, 0, 1, 0, 0, 0, 0, 1, 0, 0, 0, 0, 0, 0, 0, 0, 0, 0, 0, 0.000000e+00
"  br i1 %15, label %16, label %21, !prof !36",-1, -1, -1, -1, -1, 0, 0, 0, 0, 53, 32, 0, 0, 0, 0, 1, 0, 0, 0, 0, 0, 0, 0, 0, 0, 0, 0, 0, 0, 0, 0, 0, 1.000000e+00
"  br i1 %9, label %10, label %14, !prof !36",-1, -1, -1, -1, -1, 0, 0, 0, 0, 53, 32, 0, 0, 0, 0, 1, 0, 0, 0, 0, 0, 0, 0, 0, 0, 0, 0, 0, 0, 0, 0, 0, 1.000000e+00
"  br i1 %18, label %19, label %29, !prof !36",1, 3, 1, 1, 2, 1, 0, 1, 0, 53, 32, 0, 0, 0, 0, 1, 0, 0, 0, 0, 0, 0, 0, 0, 0, 0, 0, 0, 0, 0, 0, 0, 8.571429e-01
"  br i1 %13, label %14, label %20, !prof !36",-1, -1, -1, -1, -1, 0, 0, 0, 0, 53, 32, 0, 0, 0, 0, 1, 0, 0, 0, 0, 0, 0, 0, 0, 0, 0, 0, 0, 0, 0, 0, 0, 1.000000e+00
"  br i1 %15, label %16, label %28, !prof !36",-1, -1, -1, -1, -1, 0, 0, 0, 0, 30, 56, 0, 0, 0, 0, 1, 0, 0, 0, 0, 1, 0, 0, 0, 0, 0, 1, 0, 0, 0, 0, 0, 1.000000e+00
"  br i1 %23, label %24, label %48, !prof !36",1, 3, 2, 2, 2, 1, 0, 1, 0, 53, 56, 0, 0, 0, 0, 1, 0, 0, 0, 0, 1, 0, 0, 0, 0, 0, 1, 0, 0, 0, 0, 0, 0.000000e+00
"  br i1 %26, label %27, label %34",1, 3, 2, 2, 2, 1, 0, 1, 0, 53, 32, 0, 0, 0, 0, 1, 0, 0, 0, 0, 0, 0, 0, 0, 0, 0, 0, 0, 0, 0, 0, 0, 3.124954e-02
"  br i1 %18, label %19, label %32, !prof !36",-1, -1, -1, -1, -1, 0, 0, 0, 0, 53, 56, 0, 0, 0, 0, 1, 0, 0, 0, 0, 1, 0, 0, 0, 0, 0, 1, 0, 0, 0, 0, 0, 0.000000e+00
"  br i1 %30, label %31, label %47",1, 5, 1, 1, 2, 1, 0, 1, 0, 56, 32, 0, 0, 0, 0, 1, 0, 0, 0, 0, 0, 0, 0, 0, 0, 0, 0, 0, 0, 0, 0, 0, 6.595712e-01
"  br i1 %36, label %37, label %44",1, 5, 1, 1, 2, 0, 0, 1, 0, 56, 31, 32, 1, 0, 0, 0, 0, 0, 0, 0, 1, 0, 0, 0, 0, 1, 0, 0, 0, 0, 0, 0, 5.000000e-01
"  br i1 %14, label %15, label %24",1, 2, 1, 1, 2, 1, 0, 1, 0, 53, 56, 0, 0, 0, 0, 1, 0, 0, 0, 0, 1, 0, 0, 0, 0, 0, 1, 0, 0, 0, 0, 0, 6.595712e-01
"  br i1 %16, label %17, label %18",-1, -1, -1, -1, -1, 0, 0, 0, 0, 53, 56, 0, 0, 0, 0, 1, 0, 0, 0, 0, 1, 0, 0, 0, 0, 0, 1, 0, 0, 0, 0, 0, 5.000000e-01
"  br i1 %36, label %37, label %38",1, 2, 1, 1, 2, 1, 0, 1, 0, 53, 32, 0, 0, 0, 0, 1, 0, 0, 0, 0, 0, 0, 0, 0, 0, 0, 0, 0, 0, 0, 0, 0, 3.404287e-01
"  br i1 %28, label %29, label %59",1, 4, 1, 1, 2, 1, 0, 1, 0, 53, 32, 20, 0, 0, 0, 1, 0, 0, 0, 0, 1, 0, 2, 0, 0, 0, 0, 0, 0, 0, 0, 0, 9.979880e-01
"  br i1 %44, label %45, label %48",1, 4, 1, 1, 2, 0, 0, 1, 0, 56, 31, 32, 1, 0, 0, 0, 0, 0, 0, 0, 1, 0, 0, 0, 0, 1, 0, 0, 0, 0, 0, 0, 5.000000e-01
"  br i1 %62, label %63, label %85",-1, -1, -1, -1, -1, 0, 0, 0, 0, 53, 28, 0, 0, 0, 0, 1, 0, 1, 0, 0, 0, 0, 0, 0, 0, 0, 0, 0, 0, 0, 0, 0, 5.000000e-01
"  br i1 %68, label %69, label %85",-1, -1, -1, -1, -1, 0, 0, 0, 0, 53, 32, 20, 0, 0, 0, 1, 0, 0, 0, 0, 1, 0, 2, 0, 0, 0, 0, 0, 0, 0, 0, 0, 5.000000e-01
"  br i1 %23, label %24, label %32",1, 4, 1, 1, 2, 0, 0, 1, 0, 53, 32, 32, 0, 0, 0, 1, 0, 0, 0, 0, 1, 0, 0, 0, 0, 0, 0, 0, 0, 0, 0, 0, 5.882274e-02
"  br i1 %33, label %34, label %48",1, 4, 1, 1, 2, 1, 0, 1, 0, 55, 56, 0, 0, 0, 0, 1, 0, 0, 0, 0, 1, 0, 0, 0, 0, 1, 0, 0, 0, 0, 0, 1, 9.687500e-01
"  br i1 %40, label %41, label %70",-1, -1, -1, -1, -1, 0, 0, 0, 0, 56, 31, 32, 1, 0, 0, 0, 0, 0, 0, 0, 1, 0, 0, 0, 0, 1, 0, 0, 0, 0, 0, 0, 5.000000e-01
"  br i1 %46, label %47, label %52",-1, -1, -1, -1, -1, 0, 0, 0, 0, 56, 31, 32, 1, 0, 0, 0, 0, 0, 0, 0, 1, 0, 0, 0, 0, 1, 0, 0, 0, 0, 0, 0, 5.000000e-01
"  br i1 %57, label %58, label %63",-1, -1, -1, -1, -1, 0, 0, 0, 0, 56, 31, 32, 1, 0, 0, 0, 0, 0, 0, 0, 1, 0, 0, 0, 0, 1, 0, 0, 0, 0, 0, 0, 5.000000e-01
"  br i1 %75, label %76, label %81",-1, -1, -1, -1, -1, 0, 0, 0, 0, 56, 31, 32, 1, 0, 0, 0, 0, 0, 0, 0, 1, 0, 0, 0, 0, 1, 0, 0, 0, 0, 0, 0, 5.000000e-01
"  br i1 %86, label %87, label %92",-1, -1, -1, -1, -1, 0, 0, 0, 0, 56, 31, 32, 1, 0, 0, 0, 0, 0, 0, 0, 1, 0, 0, 0, 0, 1, 0, 0, 0, 0, 0, 0, 5.000000e-01
"  br i1 %26, label %27, label %29",2, 2, 1, 1, 2, 1, 0, 1, 0, 56, 31, 32, 1, 0, 0, 0, 0, 0, 0, 0, 1, 0, 0, 0, 0, 1, 0, 0, 0, 0, 0, 0, 9.979880e-01
"  br i1 %36, label %37, label %39",2, 2, 1, 1, 2, 1, 0, 1, 0, 56, 31, 32, 1, 0, 0, 0, 0, 0, 0, 0, 1, 0, 0, 0, 0, 1, 0, 0, 0, 0, 0, 0, 9.979880e-01
"  br i1 %44, label %48, label %45",1, 8, 1, 1, 2, 1, 0, 1, 0, 56, 32, 0, 0, 0, 0, 1, 0, 0, 0, 0, 0, 0, 0, 0, 0, 0, 0, 0, 0, 0, 0, 0, 6.595712e-01
"  br i1 %20, label %21, label %22, !prof !36",-1, -1, -1, -1, -1, 0, 0, 0, 0, 56, 31, 31, 1, 0, 0, 0, 0, 1, 0, 0, 0, 0, 0, 0, 0, 0, 0, 0, 0, 0, 0, 0, 0.000000e+00
"  br i1 %27, label %28, label %55, !prof !37",1, 6, 1, 1, 2, 1, 0, 1, 0, 30, 56, 0, 0, 0, 0, 1, 0, 0, 0, 0, 1, 0, 0, 0, 0, 0, 1, 0, 0, 0, 0, 0, 8.333333e-01
"  br i1 %33, label %34, label %49, !prof !38",1, 6, 1, 1, 2, 0, 0, 1, 0, 56, 31, 32, 1, 0, 0, 0, 0, 0, 0, 0, 1, 0, 0, 0, 0, 1, 0, 0, 0, 0, 0, 0, 4.000000e-01
"  br i1 %15, label %16, label %21",1, 3, 1, 1, 2, 1, 0, 1, 0, 30, 56, 0, 0, 0, 0, 1, 0, 0, 0, 0, 1, 0, 0, 0, 0, 0, 1, 0, 0, 0, 0, 0, 9.687500e-01
"  br i1 %14, label %15, label %20, !prof !36",1, 2, 1, 1, 2, 1, 0, 1, 0, 56, 31, 31, 1, 0, 0, 0, 0, 1, 0, 0, 0, 0, 0, 0, 0, 1, 0, 0, 0, 0, 0, 0, 2.500000e-01
"  br i1 %15, label %16, label %24, !prof !36",-1, -1, -1, -1, -1, 0, 0, 0, 0, 53, 32, 0, 0, 0, 0, 1, 0, 0, 0, 0, 0, 0, 0, 0, 0, 0, 0, 0, 0, 0, 0, 0, 1.000000e+00
"  br i1 %13, label %14, label %17",-1, -1, -1, -1, -1, 0, 0, 0, 0, 53, 32, 56, 0, 0, 0, 1, 0, 0, 0, 1, 0, 0, 0, 0, 0, 0, 1, 0, 0, 0, 0, 0, 5.000000e-01
"  br i1 %13, label %14, label %17",-1, -1, -1, -1, -1, 0, 0, 0, 0, 53, 32, 56, 0, 0, 0, 1, 0, 0, 0, 1, 0, 0, 0, 0, 0, 0, 1, 0, 0, 0, 0, 0, 5.000000e-01
